{"nm":"Text","ddd":0,"h":300,"w":300,"meta":{"g":"@lottiefiles/toolkit-js 0.33.2"},"layers":[{"ty":4,"nm":"internet Outlines","sr":1,"st":0,"op":120.0000048877,"ip":0,"hd":false,"ddd":0,"bm":0,"hasMask":false,"ao":0,"ks":{"a":{"a":0,"k":[50,42.5,0],"ix":1},"s":{"a":0,"k":[100,100,100],"ix":6},"sk":{"a":0,"k":0},"p":{"a":0,"k":[150,140,0],"ix":2},"r":{"a":0,"k":0,"ix":10},"sa":{"a":0,"k":0},"o":{"a":0,"k":100,"ix":11}},"ef":[],"shapes":[{"ty":"gr","bm":0,"hd":false,"mn":"ADBE Vector Group","nm":"Group 3","ix":1,"cix":2,"np":2,"it":[{"ty":"sh","bm":0,"hd":false,"mn":"ADBE Vector Shape - Group","nm":"Path 1","ix":1,"d":1,"ks":{"a":0,"k":{"c":true,"i":[[2.4,2],[17.3,0],[12.4,-10.2],[-2.1,-2.3],[0,0],[-2.3,1.9],[-14.4,0],[-10.3,-8.6],[-2,2.3],[0,0]],"o":[[-12.4,-10.3],[-17.3,0],[-2.4,2],[0,0],[2,2.3],[10.3,-8.6],[14.4,0],[2.3,1.9],[0,0],[2.1,-2.3]],"v":[[45.5,2.8],[0,-13.6],[-45.5,2.8],[-46.1,10.6],[-45.7,11.1],[-38,11.7],[0,-2],[38,11.7],[45.7,11.1],[46.1,10.6]]},"ix":2}},{"ty":"fl","bm":0,"hd":false,"mn":"ADBE Vector Graphic - Fill","nm":"Fill 1","c":{"a":0,"k":[0.2824,0.2824,0.2824],"ix":4},"r":1,"o":{"a":0,"k":100,"ix":5}},{"ty":"tr","a":{"a":0,"k":[0,0],"ix":1},"s":{"a":0,"k":[100,100],"ix":3},"sk":{"a":0,"k":0,"ix":4},"p":{"a":0,"k":[50,17.533],"ix":2},"r":{"a":0,"k":0,"ix":6},"sa":{"a":0,"k":0,"ix":5},"o":{"a":1,"k":[{"o":{"x":0.167,"y":0.167},"i":{"x":0.833,"y":0.833},"s":[30],"t":3},{"o":{"x":0.167,"y":0.167},"i":{"x":0.833,"y":0.833},"s":[0],"t":8},{"o":{"x":0.167,"y":0.167},"i":{"x":0.833,"y":0.833},"s":[0],"t":86},{"s":[30],"t":91.000003706506}],"ix":7}}]},{"ty":"gr","bm":0,"hd":false,"mn":"ADBE Vector Group","nm":"Group 2","ix":2,"cix":2,"np":2,"it":[{"ty":"sh","bm":0,"hd":false,"mn":"ADBE Vector Shape - Group","nm":"Path 1","ix":1,"d":1,"ks":{"a":0,"k":{"c":true,"i":[[2.4,1.9],[12.2,0],[8.8,-7.2],[-2,-2.3],[0,0],[-2.3,1.9],[-9.5,0],[-6.799,-5.6],[-1.899,2.2],[0,0]],"o":[[-8.8,-7.2],[-12.2,0],[-2.4,2],[0,0],[1.9,2.2],[6.9,-5.6],[9.5,0],[2.3,1.9],[0,0],[2.1,-2.3]],"v":[[32.25,0.4],[-0.05,-11.1],[-32.35,0.4],[-33.05,8.2],[-32.85,8.5],[-25.25,9.2],[-0.05,0.2],[25.15,9.2],[32.75,8.5],[32.95,8.2]]},"ix":2}},{"ty":"fl","bm":0,"hd":false,"mn":"ADBE Vector Graphic - Fill","nm":"Fill 1","c":{"a":0,"k":[0.2824,0.2824,0.2824],"ix":4},"r":1,"o":{"a":0,"k":100,"ix":5}},{"ty":"tr","a":{"a":0,"k":[0,0],"ix":1},"s":{"a":0,"k":[100,100],"ix":3},"sk":{"a":0,"k":0,"ix":4},"p":{"a":0,"k":[50.05,35.134],"ix":2},"r":{"a":0,"k":0,"ix":6},"sa":{"a":0,"k":0,"ix":5},"o":{"a":1,"k":[{"o":{"x":0.167,"y":0.167},"i":{"x":0.833,"y":0.833},"s":[32],"t":6},{"o":{"x":0.167,"y":0.167},"i":{"x":0.833,"y":0.833},"s":[0],"t":11},{"o":{"x":0.167,"y":0.167},"i":{"x":0.833,"y":0.833},"s":[0],"t":82},{"s":[30],"t":88.0000035843135}],"ix":7}}]},{"ty":"gr","bm":0,"hd":false,"mn":"ADBE Vector Group","nm":"Group 1","ix":3,"cix":2,"np":2,"it":[{"ty":"sh","bm":0,"hd":false,"mn":"ADBE Vector Shape - Group","nm":"Path 1","ix":1,"d":1,"ks":{"a":0,"k":{"c":true,"i":[[2.5,1.9],[7.2,0],[5.3,-4.1],[-2,-2.3],[-2.3,1.8],[-4.7,0],[-3.4,-2.6],[-1.9,2.2]],"o":[[-5.3,-4.2],[-7.2,0],[-2.4,1.9],[1.9,2.2],[3.4,-2.7],[4.7,0],[2.3,1.8],[2,-2.3]],"v":[[19.2,-1.85],[0,-8.45],[-19.2,-1.85],[-19.9,5.95],[-12.4,6.65],[0,2.45],[12.4,6.65],[19.9,5.95]]},"ix":2}},{"ty":"fl","bm":0,"hd":false,"mn":"ADBE Vector Graphic - Fill","nm":"Fill 1","c":{"a":0,"k":[0.2824,0.2824,0.2824],"ix":4},"r":1,"o":{"a":0,"k":100,"ix":5}},{"ty":"tr","a":{"a":0,"k":[0,0],"ix":1},"s":{"a":0,"k":[100,100],"ix":3},"sk":{"a":0,"k":0,"ix":4},"p":{"a":0,"k":[50,52.583],"ix":2},"r":{"a":0,"k":0,"ix":6},"sa":{"a":0,"k":0,"ix":5},"o":{"a":1,"k":[{"o":{"x":0.167,"y":0.167},"i":{"x":0.833,"y":0.833},"s":[30],"t":8},{"o":{"x":0.167,"y":0.167},"i":{"x":0.833,"y":0.833},"s":[0],"t":14},{"o":{"x":0.167,"y":0.167},"i":{"x":0.833,"y":0.833},"s":[0],"t":79},{"s":[30],"t":83.0000033806593}],"ix":7}}]},{"ty":"gr","bm":0,"hd":false,"mn":"ADBE Vector Group","nm":"Group 4","ix":4,"cix":2,"np":2,"it":[{"ty":"sh","bm":0,"hd":false,"mn":"ADBE Vector Shape - Group","nm":"Path 1","ix":1,"d":1,"ks":{"a":0,"k":{"c":true,"i":[[-4.584,0],[0,-4.584],[4.584,0],[0,4.584]],"o":[[4.584,0],[0,4.584],[-4.584,0],[0,-4.584]],"v":[[0,-8.3],[8.3,0],[0,8.3],[-8.3,0]]},"ix":2}},{"ty":"fl","bm":0,"hd":false,"mn":"ADBE Vector Graphic - Fill","nm":"Fill 1","c":{"a":0,"k":[0.6078,0.6,0.6],"ix":4},"r":1,"o":{"a":0,"k":100,"ix":5}},{"ty":"tr","a":{"a":0,"k":[0,0],"ix":1},"s":{"a":1,"k":[{"o":{"x":0.333,"y":0},"i":{"x":0.833,"y":1},"s":[100,100],"t":12},{"o":{"x":0.167,"y":0.167},"i":{"x":0.833,"y":1},"s":[250,250],"t":18},{"o":{"x":0.167,"y":0},"i":{"x":0.833,"y":1},"s":[100,100],"t":24},{"o":{"x":0.167,"y":0},"i":{"x":0.833,"y":0.833},"s":[100,100],"t":63},{"o":{"x":0.167,"y":0},"i":{"x":0.667,"y":1},"s":[250,250],"t":70},{"s":[100,100],"t":77.0000031362743}],"ix":3},"sk":{"a":0,"k":0,"ix":4},"p":{"a":0,"k":[50,72.534],"ix":2},"r":{"a":0,"k":0,"ix":6},"sa":{"a":0,"k":0,"ix":5},"o":{"a":1,"k":[{"o":{"x":0.167,"y":0.167},"i":{"x":0.833,"y":0.833},"s":[100],"t":12},{"o":{"x":0.167,"y":0.167},"i":{"x":0.833,"y":0.833},"s":[100],"t":24},{"o":{"x":0.167,"y":0.167},"i":{"x":0.833,"y":0.833},"s":[0],"t":44},{"o":{"x":0.167,"y":0.167},"i":{"x":0.833,"y":0.833},"s":[100],"t":63},{"s":[100],"t":70.0000028511585}],"ix":7}}]}],"ind":1}],"v":"4.11.1","fr":29.9700012207031,"op":120.0000048877,"ip":0,"assets":[]}